type,min,max,mean,median,std_dev
delay,0.0,6300.0,2.7644606779300123,0.0,62.12083510788858
