type,min,max,mean,median,std_dev
stop,60.0,6060.0,65.30654634367674,60.0,41.86755882993219
